0xf5360204F4b440A665823f469fD8218c9400DCaC,1000 
0xE66eE5596D6C7cb350d7642f5d9C39B77aC01995,1000 
0x0162Cc50B49bcbb9B92bd716c4E5D2b132ACd660,1000 
0xeA745777D9c164Df274a5630cE92b5ec455abc98,1000
0xeA745777D9c164Df274a5630cE92b5ec455abc23,1000
0xeA745777D9c164Df274a5630cE92b5ec455ab128,1000
0xeA745777D9c164Df274a5630cE92b5ec455ab198,1000
0xeA745777D9c164Df274a5630cE92b5ec33abc98,1000
0xeA745777D9c164Df274a5630cE92b33c455abc98,1000
0xeA745777D9c164Df274a5630cE92b22c455abc98,1000
0xeA745777D9c164Df274a5630cE92b12c455abc98,1000
0xeA745777D9c164Df274a5630cE92b33c455abc98,1000
0xeA745777D9c164Df274a5630cE92b5ec455abc98,1000
0xeA745777D9c164Df274a5630cE23b5ec455abc98,1000
0xeA745777D9c164Df274a56333E92b5ec455abc98,1000
0xeA745777D9c164Df274a5633cE92b5ec455abc98,1000
0xeA745777D9c164Df274a5623cE92b5ec455abc98,1000
0xeA745777D9c164Df27425630cE92b5ec455abc98,1000
0xeA745777D9c164Df272a5630cE92b5ec455abc98,1000
0xeA745777D9c164Df224a5630cE92b5ec455abc98,1000
0xeA745777D9c164D1274a5630cE92b5ec455abc98,1000
0xeA745777D9c1642f274a5630cE92b5ec455abc98,1000
0xeA745777D9c334Df274a5630cE92b5ec455abc98,1000
0xeA745777D23164Df274a5630cE92b5ec455abc98,1000
0xeA745777D9c164Df274a5630cE92b5ec455abc98,1000
0xeA745777D12164Df274a5630cE92b5ec455abc98,1000
0xeA745777D9c164Df274a5630cE92b5ec455abc98,1000
0xeA74577232c164Df274a5630cE92b5ec455abc98,1000
0xeA745777321114Df274a5630cE92b5ec455abc98,1000
0xeA745777D9c164Df274a5630cE92b5ec455abc98,1000
0xeA745777123234Df274a5630cE92b5ec455abc98,1000
0xeA745777D9c164Df274a5630cE92b5ec455abc98,1000
0xeA745712312314Df274a5630cE92b5ec455abc98,1000
0xeA745777D9c164Df274a5630cE92b5ec455abc98,1000
0xeA745777D9c164Df274a5630cE92b5ec455abc98,1000
0xeA745777D9c16123124a5630cE92b5ec455abc98,1000
0xeA745777D9c164Df27122320cE92b5ec455abc98,1000
0xeA745777D9c164Df274a56302392b5ec455abc98,1000
0xeA745777D9c164Df274a5630cE22b5ec455abc98,1000
0xeA745777D9c164Df274a5630c344b5ec455abc98,1000